,C,H,O,N,S,VM,Ash,FC,Agent_sample,Heating_rate,Activation_temp,Activation_time,SBET,TPV,Agent_H3PO4,Agent_K2CO3,Agent_KOH,Agent_Na2CO3,Agent_NaOH,Agent_ZnCl2,Label_biomass,Label_lignin
0,38.55,5.57,54.88,0.42,0.58,86.19,2.48,11.32,4.0,10.0,650.0,1.25,2.78,0.008,True,False,False,False,False,False,True,False
1,38.55,5.57,54.88,0.42,0.58,86.19,2.48,11.32,4.0,10.0,450.0,1.25,33.98,0.024,True,False,False,False,False,False,True,False
2,37.2,6.4,41.01,13.6,1.79,74.46,4.7,21.65,1.5,5.0,450.0,2.0,262.0,0.225,True,False,False,False,False,False,True,False
3,46.2,5.5,40.41,6.6,1.29,74.46,3.3,21.65,0.5,5.0,450.0,2.0,493.0,0.283,True,False,False,False,False,False,True,False
4,37.2,6.4,41.01,13.6,1.79,74.46,4.7,21.65,1.0,5.0,600.0,2.0,505.0,0.292,True,False,False,False,False,False,True,False
5,38.55,5.57,54.88,0.42,0.58,86.19,2.48,11.32,4.0,10.0,850.0,1.25,657.76,0.3,True,False,False,False,False,False,True,False
6,43.4,5.8,50.2,0.6,0.0,74.46,0.2,21.65,1.0,8.37,500.0,2.0,606.0,0.3,True,False,False,False,False,False,True,False
7,37.2,6.4,41.01,13.6,1.79,74.46,4.7,21.65,1.0,5.0,450.0,2.0,364.0,0.333,True,False,False,False,False,False,True,False
8,45.83,6.29,47.48,0.4,0.0,79.31,1.088,19.6,1.0,10.0,600.0,1.0,877.1929,0.3905,True,False,False,False,False,False,True,False
9,45.83,6.29,47.48,0.4,0.0,79.31,1.088,19.6,1.0,10.0,500.0,1.0,1043.859,0.41655,True,False,False,False,False,False,True,False
10,46.2,5.5,40.41,6.6,1.29,74.46,3.3,21.65,1.0,5.0,450.0,2.0,774.0,0.503,True,False,False,False,False,False,True,False
11,45.83,6.29,47.48,0.4,0.0,79.31,1.088,19.6,1.0,10.0,300.0,1.0,1201.75,0.5519,True,False,False,False,False,False,True,False
12,46.2,5.5,40.41,6.6,1.29,74.46,3.3,21.65,1.5,5.0,450.0,2.0,855.0,0.595,True,False,False,False,False,False,True,False
13,42.2,6.3,51.18,0.32,0.0,77.74,3.85,18.41,10.5,2.0,700.0,2.0,202.0,0.613,True,False,False,False,False,False,True,False
14,42.2,6.3,51.18,0.32,0.0,77.74,3.85,18.41,10.5,2.0,400.0,2.0,8.0,0.613,True,False,False,False,False,False,True,False
15,42.2,6.3,51.18,0.32,0.0,77.74,3.85,18.41,10.5,10.0,700.0,2.0,187.0,0.613,True,False,False,False,False,False,True,False
16,42.2,6.3,51.18,0.32,0.0,77.74,3.85,18.41,10.5,10.0,400.0,2.0,76.0,0.613,True,False,False,False,False,False,True,False
17,42.2,6.3,51.18,0.32,0.0,77.74,3.85,18.41,10.5,10.0,700.0,2.0,76.0,0.613,True,False,False,False,False,False,True,False
18,46.2,5.5,40.41,6.6,1.29,74.46,3.3,21.65,1.0,5.0,600.0,2.0,543.0,0.613,True,False,False,False,False,False,True,False
19,41.1,5.9,51.95,1.05,0.0,73.64,3.71,22.65,10.5,2.0,700.0,2.0,64.0,0.613,True,False,False,False,False,False,True,False
20,41.1,5.9,51.95,1.05,0.0,73.64,3.71,22.65,10.5,2.0,400.0,2.0,409.0,0.613,True,False,False,False,False,False,True,False
21,41.1,5.9,51.95,1.05,0.0,73.64,3.71,22.65,10.5,10.0,400.0,2.0,751.0,0.613,True,False,False,False,False,False,True,False
22,89.31,6.14,7.84,2.04,0.31,74.46,3.71,21.65,4.0,5.0,805.0,2.0,969.0,0.64,True,False,False,False,False,False,True,False
23,49.56,5.16,44.08,1.2,0.0,79.18,6.6,14.23,0.75,10.0,700.0,1.0,790.0,0.7,True,False,False,False,False,False,True,False
24,45.83,6.29,47.48,0.4,0.0,79.31,1.088,19.6,1.0,10.0,400.0,1.0,1508.77,0.703,True,False,False,False,False,False,True,False
25,56.5,7.2,34.0,2.0,0.3,72.09,1.71,26.2,3.0,10.0,400.0,2.0,657.0,0.82,True,False,False,False,False,False,True,False
26,37.2,6.4,41.01,13.6,1.79,74.46,4.7,21.65,0.5,5.0,450.0,2.0,670.0,0.85,True,False,False,False,False,False,True,False
27,45.83,6.29,47.48,0.4,0.0,79.31,1.088,19.6,2.0,10.0,600.0,1.0,1763.15,0.859,True,False,False,False,False,False,True,False
28,46.21,5.93,47.52,0.34,0.0,81.43,1.94,16.63,1.0,8.37,631.24,1.0,1440.04,0.86,True,False,False,False,False,False,True,False
29,45.83,6.29,47.48,0.4,0.0,79.31,1.088,19.6,4.0,10.0,300.0,1.0,1639.98,0.89,True,False,False,False,False,False,True,False
30,45.83,6.29,47.48,0.4,0.0,79.31,1.088,19.6,2.0,10.0,300.0,1.0,1807.01,0.932,True,False,False,False,False,False,True,False
31,56.5,7.2,34.0,2.0,0.3,72.09,1.71,26.2,3.0,10.0,350.0,2.0,677.0,0.97,True,False,False,False,False,False,True,False
32,45.83,6.29,47.48,0.4,0.0,79.31,1.088,19.6,3.0,10.0,600.0,1.0,1982.456,1.073,True,False,False,False,False,False,True,False
33,56.5,7.2,34.0,2.0,0.3,72.09,1.71,26.2,1.0,10.0,500.0,2.0,926.0,1.13,True,False,False,False,False,False,True,False
34,45.83,6.29,47.48,0.4,0.0,79.31,1.088,19.6,3.0,10.0,500.0,1.0,2061.4,1.1406,True,False,False,False,False,False,True,False
35,45.83,6.29,47.48,0.4,0.0,79.31,1.088,19.6,3.0,10.0,300.0,1.0,2289.47,1.182,True,False,False,False,False,False,True,False
36,56.5,7.2,34.0,2.0,0.3,72.09,1.71,26.2,2.0,10.0,500.0,2.0,957.0,1.19,True,False,False,False,False,False,True,False
37,56.5,7.2,34.0,2.0,0.3,72.09,1.71,26.2,4.0,10.0,500.0,2.0,1026.0,1.21,True,False,False,False,False,False,True,False
38,45.83,6.29,47.48,0.4,0.0,79.31,1.088,19.6,2.0,10.0,600.0,1.0,2086.704,1.218,True,False,False,False,False,False,True,False
39,45.83,6.29,47.48,0.4,0.0,79.31,1.088,19.6,4.0,10.0,500.0,1.0,2117.16,1.255,True,False,False,False,False,False,True,False
40,45.83,6.29,47.48,0.4,0.0,79.31,1.088,19.6,2.0,10.0,500.0,1.0,1921.05,1.322,True,False,False,False,False,False,True,False
41,45.83,6.29,47.48,0.4,0.0,79.31,1.088,19.6,2.0,10.0,400.0,1.0,2184.21,1.349,True,False,False,False,False,False,True,False
42,45.83,6.29,47.48,0.4,0.0,79.31,1.088,19.6,3.0,10.0,400.0,1.0,2500.0,1.3698,True,False,False,False,False,False,True,False
43,56.5,7.2,34.0,2.0,0.3,72.09,1.71,26.2,3.0,10.0,550.0,2.0,982.0,1.42,True,False,False,False,False,False,True,False
44,56.5,7.2,34.0,2.0,0.3,72.09,1.71,26.2,3.0,10.0,450.0,2.0,1111.0,1.54,True,False,False,False,False,False,True,False
45,56.5,7.2,34.0,2.0,0.3,72.09,1.71,26.2,3.0,10.0,500.0,2.0,1139.0,1.6,True,False,False,False,False,False,True,False
46,45.83,6.29,47.48,0.4,0.0,79.31,1.088,19.6,4.0,10.0,400.0,1.0,2807.545,1.724,True,False,False,False,False,False,True,False
47,59.8,5.3,34.8,0.1,0.0,74.46,3.71,21.65,1.0,10.0,900.0,1.0,684.2105,0.2678,True,False,False,False,False,False,False,True
48,59.8,5.3,34.8,0.1,0.0,74.46,3.71,21.65,1.0,10.0,900.0,1.0,684.21,0.27,True,False,False,False,False,False,False,True
49,59.8,5.3,34.8,0.1,0.0,74.46,3.71,21.65,1.0,10.0,500.0,1.0,719.3,0.31,True,False,False,False,False,False,False,True
50,59.8,5.3,34.8,0.1,0.0,74.46,3.71,21.65,1.0,10.0,500.0,1.0,719.298,0.3107,True,False,False,False,False,False,False,True
51,59.8,5.3,34.8,0.1,0.0,74.46,3.71,21.65,1.0,10.0,800.0,1.0,798.25,0.32,True,False,False,False,False,False,False,True
52,59.8,5.3,34.8,0.1,0.0,74.46,3.71,21.65,1.0,10.0,800.0,1.0,798.2456,0.3214,True,False,False,False,False,False,False,True
53,60.12,5.5,26.92,0.83,0.06,62.94,0.78,30.05,1.0,5.0,350.0,2.0,617.51,0.333,True,False,False,False,False,False,False,True
54,59.8,5.3,34.8,0.1,0.0,74.46,3.71,21.65,1.0,10.0,700.0,1.0,947.368,0.4071,True,False,False,False,False,False,False,True
55,59.8,5.3,34.8,0.1,0.0,74.46,3.71,21.65,1.0,10.0,700.0,1.0,947.37,0.41,True,False,False,False,False,False,False,True
56,59.8,5.3,34.8,0.1,0.0,74.46,3.71,21.65,1.0,10.0,600.0,1.0,1026.32,0.45,True,False,False,False,False,False,False,True
57,59.8,5.3,34.8,0.1,0.0,74.46,3.71,21.65,1.0,10.0,600.0,1.0,1026.315,0.45,True,False,False,False,False,False,False,True
58,61.6,6.0,31.1,1.1,0.2,64.62,4.62,28.06,3.0,10.0,500.0,2.0,559.0,0.45,True,False,False,False,False,False,False,True
59,60.12,5.5,26.92,0.83,0.06,62.94,0.78,30.05,0.4,5.0,550.0,2.0,988.36,0.502,True,False,False,False,False,False,False,True
60,60.12,5.5,26.92,0.83,0.06,62.94,0.78,30.05,1.0,5.0,550.0,2.5,1128.42,0.569,True,False,False,False,False,False,False,True
61,60.12,5.5,26.92,0.83,0.06,62.94,0.78,30.05,0.6,5.0,550.0,2.0,991.49,0.599,True,False,False,False,False,False,False,True
62,60.12,5.5,26.92,0.83,0.06,62.94,0.78,30.05,1.0,5.0,750.0,2.0,980.88,0.604,True,False,False,False,False,False,False,True
63,60.12,5.5,26.92,0.83,0.06,62.94,0.78,30.05,1.0,5.0,550.0,1.5,1012.28,0.669,True,False,False,False,False,False,False,True
64,74.56,0.0,25.09,0.0,0.22,64.62,4.62,28.06,1.0,2.5,500.0,1.0,1321.0,0.67,True,False,False,False,False,False,False,True
65,60.12,5.5,26.92,0.83,0.06,62.94,0.78,30.05,1.0,5.0,550.0,3.0,1061.32,0.683,True,False,False,False,False,False,False,True
66,60.12,5.5,26.92,0.83,0.06,62.94,0.78,30.05,1.0,5.0,650.0,2.0,1013.87,0.707,True,False,False,False,False,False,False,True
67,74.56,0.0,25.09,0.0,0.22,64.62,4.62,28.06,2.0,2.5,350.0,1.0,1526.0,0.86,True,False,False,False,False,False,False,True
68,60.12,5.5,26.92,0.83,0.06,62.94,0.78,30.05,1.0,5.0,450.0,2.0,1084.76,0.862,True,False,False,False,False,False,False,True
69,74.56,0.0,25.09,0.0,0.22,64.62,4.62,28.06,3.0,2.5,350.0,1.5,1480.0,0.89,True,False,False,False,False,False,False,True
70,60.12,5.5,26.92,0.83,0.06,62.94,0.78,30.05,0.8,5.0,550.0,2.0,1133.43,0.895,True,False,False,False,False,False,False,True
71,60.12,5.5,26.92,0.83,0.06,62.94,0.78,30.05,1.0,5.0,550.0,2.0,1215.82,0.975,True,False,False,False,False,False,False,True
72,74.56,0.0,25.09,0.0,0.22,64.62,4.62,28.06,2.0,2.5,400.0,2.0,1956.0,1.14,True,False,False,False,False,False,False,True
73,74.56,0.0,25.09,0.0,0.22,64.62,4.62,28.06,3.0,2.5,400.0,1.5,1871.0,1.2,True,False,False,False,False,False,False,True
74,74.56,0.0,25.09,0.0,0.22,64.62,4.62,28.06,2.0,2.5,450.0,1.5,2015.0,1.2,True,False,False,False,False,False,False,True
75,60.12,5.5,26.92,0.83,0.06,62.94,0.78,30.05,1.2,5.0,550.0,2.0,1086.51,1.2,True,False,False,False,False,False,False,True
76,60.12,5.5,26.92,0.83,0.06,62.94,0.78,30.05,1.4,5.0,550.0,2.0,1050.04,1.205,True,False,False,False,False,False,False,True
77,60.12,5.5,26.92,0.83,0.06,62.94,0.78,30.05,1.6,5.0,550.0,2.0,983.58,1.218,True,False,False,False,False,False,False,True
78,74.56,0.0,25.09,0.0,0.22,64.62,4.62,28.06,3.0,2.5,450.0,1.0,1869.0,1.39,True,False,False,False,False,False,False,True
79,74.56,0.0,25.09,0.0,0.22,64.62,4.62,28.06,3.0,2.5,500.0,2.0,1790.0,1.46,True,False,False,False,False,False,False,True
80,48.7,6.5,43.7,1.1,0.0,79.56,5.14,15.3,0.25,7.0,600.0,1.0,33.0,0.1115,False,True,False,False,False,False,True,False
81,48.7,6.5,43.7,1.1,0.0,79.56,5.14,15.3,1.0,7.0,600.0,1.0,358.0,0.112,False,True,False,False,False,False,True,False
82,48.7,6.5,43.7,1.1,0.0,79.56,5.14,15.3,0.5,7.0,600.0,1.0,511.0,0.2338,False,True,False,False,False,False,True,False
83,69.6,7.4,22.4,0.6,0.0,74.46,1.3,21.65,1.0,10.0,700.0,1.0,617.0,0.29,False,True,False,False,False,False,True,False
84,69.6,7.4,22.4,0.6,0.0,74.46,1.3,21.65,0.5,10.0,700.0,1.0,604.0,0.3,False,True,False,False,False,False,True,False
85,44.48,6.28,40.49,8.21,0.54,77.5,6.47,16.03,1.0,5.0,600.0,1.0,643.54,0.336,False,True,False,False,False,False,True,False
86,48.7,6.5,43.7,1.1,0.0,79.56,5.14,15.3,0.25,7.0,800.0,1.0,918.0,0.375,False,True,False,False,False,False,True,False
87,69.6,7.4,22.4,0.6,0.0,74.46,1.3,21.65,1.0,10.0,800.0,1.0,907.0,0.42,False,True,False,False,False,False,True,False
88,48.7,6.5,43.7,1.1,0.0,79.56,5.14,15.3,1.0,7.0,800.0,1.0,1166.0,0.4761,False,True,False,False,False,False,True,False
89,48.7,6.5,43.7,1.1,0.0,79.56,5.14,15.3,0.5,7.0,800.0,1.0,1238.0,0.5037,False,True,False,False,False,False,True,False
90,50.78,4.98,42.41,0.57,1.26,76.06,13.49,10.45,0.5,8.37,800.0,0.67,1086.5,0.613,False,True,False,False,False,False,True,False
91,50.01,6.9,41.0,1.9,0.19,78.49,1.19,20.32,1.0,10.0,600.0,2.0,319.0,0.613,False,True,False,False,False,False,True,False
92,50.01,6.9,41.0,1.9,0.19,78.49,1.19,20.32,1.0,10.0,700.0,2.0,425.0,0.613,False,True,False,False,False,False,True,False
93,50.01,6.9,41.0,1.9,0.19,78.49,1.19,20.32,1.0,10.0,800.0,2.0,1170.0,0.613,False,True,False,False,False,False,True,False
94,50.01,6.9,41.0,1.9,0.19,78.49,1.19,20.32,1.0,10.0,900.0,2.0,544.0,0.613,False,True,False,False,False,False,True,False
95,50.01,6.9,41.0,1.9,0.19,78.49,1.19,20.32,1.0,10.0,1000.0,2.0,339.0,0.613,False,True,False,False,False,False,True,False
96,50.01,6.9,41.0,1.9,0.19,78.49,1.19,20.32,0.5,10.0,800.0,2.0,248.0,0.613,False,True,False,False,False,False,True,False
97,50.01,6.9,41.0,1.9,0.19,78.49,1.19,20.32,0.75,10.0,800.0,2.0,476.0,0.613,False,True,False,False,False,False,True,False
98,50.01,6.9,41.0,1.9,0.19,78.49,1.19,20.32,1.5,10.0,800.0,2.0,540.0,0.613,False,True,False,False,False,False,True,False
99,50.01,6.9,41.0,1.9,0.19,78.49,1.19,20.32,2.0,10.0,800.0,2.0,332.0,0.613,False,True,False,False,False,False,True,False
100,44.48,6.28,40.49,8.21,0.54,77.5,6.47,16.03,1.0,5.0,800.0,1.0,1352.86,0.68,False,True,False,False,False,False,True,False
101,43.25,5.98,49.74,0.92,0.11,80.07,6.09,13.84,0.67,10.0,950.0,0.167,1580.0,0.809,False,True,False,False,False,False,True,False
102,50.78,4.98,42.41,0.57,1.26,76.06,13.49,10.45,0.5,8.37,800.0,0.33,2083.6,1.23,False,True,False,False,False,False,True,False
103,49.56,5.16,44.08,1.2,0.0,79.18,6.6,14.23,0.75,10.0,700.0,1.0,2613.0,1.661,False,True,False,False,False,False,True,False
104,59.8,5.3,34.8,0.1,0.0,74.46,3.71,21.65,1.0,10.0,500.0,1.0,1.4,0.0052,False,True,False,False,False,False,False,True
105,59.8,5.3,34.8,0.1,0.0,74.46,3.71,21.65,1.0,10.0,500.0,1.0,1.4,0.01,False,True,False,False,False,False,False,True
106,59.8,5.3,34.8,0.1,0.0,74.46,3.71,21.65,1.0,10.0,600.0,1.0,583.8176,0.25789,False,True,False,False,False,False,False,True
107,59.8,5.3,34.8,0.1,0.0,74.46,3.71,21.65,1.0,10.0,600.0,1.0,583.82,0.26,False,True,False,False,False,False,False,True
108,56.2,6.0,34.2,3.60,0.0,64.62,4.62,28.06,1.0,8.29,900.0,1.42,2300.0,0.48,False,True,False,False,False,False,False,True
109,59.8,5.3,34.8,0.1,0.0,74.46,3.71,21.65,1.0,10.0,700.0,1.0,1704.43,0.72,False,True,False,False,False,False,False,True
110,59.8,5.3,34.8,0.1,0.0,74.46,3.71,21.65,1.0,10.0,700.0,1.0,1704.4324,0.72105,False,True,False,False,False,False,False,True
111,64.91,7.34,19.82,0.26,7.67,48.66,4.03,34.57,1.0,8.29,700.0,1.0,1585.0,0.79,False,True,False,False,False,False,False,True
112,63.21,5.6,27.78,0.19,3.22,64.62,4.62,28.06,1.0,10.0,800.0,2.0,1687.0,0.86,False,True,False,False,False,False,False,True
113,59.8,5.3,34.8,0.1,0.0,74.46,3.71,21.65,1.0,10.0,900.0,1.0,1739.619,0.8894,False,True,False,False,False,False,False,True
114,59.8,5.3,34.8,0.1,0.0,74.46,3.71,21.65,1.0,10.0,900.0,1.0,1739.62,0.89,False,True,False,False,False,False,False,True
115,51.57,5.13,39.57,0.24,3.49,64.62,4.62,28.06,1.0,10.0,800.0,2.0,1910.0,0.92,False,True,False,False,False,False,False,True
116,59.8,5.3,34.8,0.1,0.0,74.46,3.71,21.65,1.0,10.0,800.0,1.0,1969.12,0.95,False,True,False,False,False,False,False,True
117,59.8,5.3,34.8,0.1,0.0,74.46,3.71,21.65,1.0,10.0,800.0,1.0,1969.1198,0.9526,False,True,False,False,False,False,False,True
118,56.2,6.0,34.2,3.60,0.0,64.62,4.62,28.06,1.0,10.0,700.0,2.0,1574.0,0.97,False,True,False,False,False,False,False,True
119,56.2,6.0,34.2,3.60,0.0,64.62,4.62,28.06,1.0,10.0,800.0,2.0,1803.0,1.06,False,True,False,False,False,False,False,True
120,56.2,6.0,34.2,3.60,0.0,64.62,4.62,28.06,1.0,10.0,900.0,2.0,2301.0,2.03,False,True,False,False,False,False,False,True
121,48.7,6.5,43.7,1.1,0.0,79.56,5.14,15.3,0.5,7.0,600.0,1.0,146.0,0.0718,False,False,True,False,False,False,True,False
122,44.0,5.2,50.38,0.42,0.0,54.38,23.04,22.58,1.0,20.0,450.0,3.0,265.0,0.15,False,False,True,False,False,False,True,False
123,48.7,6.5,43.7,1.1,0.0,79.56,5.14,15.3,0.25,7.0,600.0,1.0,654.0,0.241,False,False,True,False,False,False,True,False
124,39.8,5.5,54.0,0.9,0.0,68.0,14.8,17.5,4.0,10.0,500.0,1.0,370.0,0.25,False,False,True,False,False,False,True,False
125,44.48,6.28,40.49,8.21,0.54,77.5,6.47,16.03,1.0,5.0,800.0,1.0,618.54,0.291,False,False,True,False,False,False,True,False
126,44.48,6.28,40.49,8.21,0.54,77.5,6.47,16.03,1.0,5.0,600.0,1.0,600.05,0.299,False,False,True,False,False,False,True,False
127,44.0,5.2,50.38,0.42,0.0,54.38,23.04,22.58,1.0,20.0,750.0,3.0,589.0,0.33,False,False,True,False,False,False,True,False
128,48.7,6.5,43.7,1.1,0.0,79.56,5.14,15.3,1.0,7.0,600.0,1.0,784.0,0.3465,False,False,True,False,False,False,True,False
129,69.6,7.4,22.4,0.6,0.0,74.46,1.3,21.65,1.0,10.0,700.0,1.0,729.0,0.35,False,False,True,False,False,False,True,False
130,39.8,5.5,54.0,0.9,0.0,68.0,14.8,17.5,4.0,10.0,600.0,1.0,760.0,0.39,False,False,True,False,False,False,True,False
131,39.8,5.5,54.0,0.9,0.0,68.0,14.8,17.5,4.0,10.0,700.0,1.0,770.0,0.41,False,False,True,False,False,False,True,False
132,69.6,7.4,22.4,0.6,0.0,74.46,1.3,21.65,0.5,10.0,700.0,1.0,874.0,0.41,False,False,True,False,False,False,True,False
133,59.31,9.78,28.74,2.06,0.11,67.04,0.34,32.62,1.0,10.0,450.0,1.0,972.0,0.421,False,False,True,False,False,False,True,False
134,59.31,9.78,28.74,2.06,0.11,67.04,0.34,32.62,0.5,10.0,750.0,1.0,1027.0,0.434,False,False,True,False,False,False,True,False
135,59.31,9.78,28.74,2.06,0.11,67.04,0.34,32.62,1.0,10.0,550.0,1.0,1074.0,0.435,False,False,True,False,False,False,True,False
136,48.7,6.5,43.7,1.1,0.0,79.56,5.14,15.3,0.5,7.0,800.0,1.0,1143.0,0.4527,False,False,True,False,False,False,True,False
137,39.8,5.5,54.0,0.9,0.0,68.0,14.8,17.5,4.0,10.0,800.0,1.0,900.0,0.46,False,False,True,False,False,False,True,False
138,48.7,6.5,43.7,1.1,0.0,79.56,5.14,15.3,1.0,7.0,800.0,1.0,1090.0,0.46,False,False,True,False,False,False,True,False
139,69.6,7.4,22.4,0.6,0.0,74.46,1.3,21.65,1.0,10.0,800.0,1.0,948.0,0.47,False,False,True,False,False,False,True,False
140,59.31,9.78,28.74,2.06,0.11,67.04,0.34,32.62,1.0,10.0,650.0,2.0,1108.0,0.517,False,False,True,False,False,False,True,False
141,59.31,9.78,28.74,2.06,0.11,67.04,0.34,32.62,1.0,10.0,650.0,1.0,1154.0,0.519,False,False,True,False,False,False,True,False
142,59.31,9.78,28.74,2.06,0.11,67.04,0.34,32.62,1.0,10.0,650.0,3.0,1183.0,0.52,False,False,True,False,False,False,True,False
143,48.7,6.5,43.7,1.1,0.0,79.56,5.14,15.3,0.25,7.0,800.0,1.0,1222.0,0.5204,False,False,True,False,False,False,True,False
144,49.74,6.06,39.07,1.95,0.18,74.46,3.0,21.65,4.0,8.37,800.0,2.0,1334.0,0.58,False,False,True,False,False,False,True,False
145,59.31,9.78,28.74,2.06,0.11,67.04,0.34,32.62,1.0,10.0,750.0,1.0,1378.0,0.583,False,False,True,False,False,False,True,False
146,49.74,6.06,39.07,1.95,0.18,74.46,3.0,21.65,4.0,8.37,800.0,1.0,1339.0,0.595,False,False,True,False,False,False,True,False
147,59.31,9.78,28.74,2.06,0.11,67.04,0.34,32.62,1.5,10.0,750.0,1.0,1491.0,0.612,False,False,True,False,False,False,True,False
148,42.2,6.3,51.18,0.32,0.0,77.74,3.85,18.41,10.5,2.0,700.0,2.0,1305.0,0.613,False,False,True,False,False,False,True,False
149,42.2,6.3,51.18,0.32,0.0,77.74,3.85,18.41,10.5,2.0,400.0,2.0,5.0,0.613,False,False,True,False,False,False,True,False
150,42.2,6.3,51.18,0.32,0.0,77.74,3.85,18.41,10.5,10.0,700.0,2.0,33.0,0.613,False,False,True,False,False,False,True,False
151,42.2,6.3,51.18,0.32,0.0,77.74,3.85,18.41,10.5,10.0,400.0,2.0,26.0,0.613,False,False,True,False,False,False,True,False
152,41.1,5.9,51.95,1.05,0.0,73.64,3.71,22.65,10.5,2.0,700.0,2.0,423.0,0.613,False,False,True,False,False,False,True,False
153,41.1,5.9,51.95,1.05,0.0,73.64,3.71,22.65,10.5,2.0,400.0,2.0,4.0,0.613,False,False,True,False,False,False,True,False
154,41.1,5.9,51.95,1.05,0.0,73.64,3.71,22.65,10.5,10.0,700.0,2.0,315.0,0.613,False,False,True,False,False,False,True,False
155,41.1,5.9,51.95,1.05,0.0,73.64,3.71,22.65,10.5,10.0,400.0,2.0,3.0,0.613,False,False,True,False,False,False,True,False
156,49.74,6.06,39.07,1.95,0.18,74.46,3.0,21.65,4.0,8.37,900.0,2.0,1462.0,0.665,False,False,True,False,False,False,True,False
157,59.31,9.78,28.74,2.06,0.11,67.04,0.34,32.62,2.0,10.0,750.0,1.0,1562.0,0.668,False,False,True,False,False,False,True,False
158,49.74,6.06,39.07,1.95,0.18,74.46,3.0,21.65,4.0,8.37,900.0,1.0,1550.0,0.679,False,False,True,False,False,False,True,False
159,59.31,9.78,28.74,2.06,0.11,67.04,0.34,32.62,2.5,10.0,750.0,1.0,1605.0,0.691,False,False,True,False,False,False,True,False
160,81.2,0.0,18.3,0.5,0.0,74.46,3.71,21.65,3.0,10.0,800.0,1.0,1186.0,0.71,False,False,True,False,False,False,True,False
161,49.74,6.06,39.07,1.95,0.18,74.46,3.0,21.65,4.0,8.37,900.0,3.0,1798.0,0.842,False,False,True,False,False,False,True,False
162,49.74,6.06,39.07,1.95,0.18,74.46,3.0,21.65,4.0,8.37,800.0,4.0,2431.0,1.033,False,False,True,False,False,False,True,False
163,49.74,6.06,39.07,1.95,0.18,74.46,3.0,21.65,4.0,8.37,800.0,3.0,2578.0,1.062,False,False,True,False,False,False,True,False
164,49.74,6.06,39.07,1.95,0.18,74.46,3.0,21.65,4.0,8.37,900.0,4.0,3049.0,1.52,False,False,True,False,False,False,True,False
165,59.8,5.3,34.8,0.1,0.0,74.46,3.71,21.65,1.0,10.0,500.0,1.0,257.369,0.1458,False,False,True,False,False,False,False,True
166,59.8,5.3,34.8,0.1,0.0,74.46,3.71,21.65,1.0,10.0,500.0,1.0,257.37,0.15,False,False,True,False,False,False,False,True
167,59.8,5.3,34.8,0.1,0.0,74.46,3.71,21.65,1.0,10.0,600.0,1.0,760.2758,0.3275,False,False,True,False,False,False,False,True
168,59.8,5.3,34.8,0.1,0.0,74.46,3.71,21.65,1.0,10.0,600.0,1.0,760.28,0.33,False,False,True,False,False,False,False,True
169,62.55,5.28,29.41,0.45,0.0,58.6,2.31,35.28,1.0,5.0,700.0,1.0,916.0,0.364,False,False,True,False,False,False,False,True
170,60.67,3.3,32.98,0.6,0.0,49.83,2.45,45.0,1.0,5.0,600.0,1.0,770.0,0.366,False,False,True,False,False,False,False,True
171,62.55,5.28,29.41,0.45,0.0,58.6,2.31,35.28,1.0,5.0,600.0,1.0,878.0,0.372,False,False,True,False,False,False,False,True
172,60.67,3.3,32.98,0.6,0.0,49.83,2.45,45.0,2.0,5.0,600.0,1.0,957.0,0.399,False,False,True,False,False,False,False,True
173,61.95,5.04,31.95,1.06,0.0,61.99,2.26,35.81,3.0,10.0,550.0,2.0,959.4,0.49,False,False,True,False,False,False,False,True
174,61.95,5.04,31.95,1.06,0.0,61.99,2.26,35.81,3.0,10.0,550.0,2.0,959.4,0.49,False,False,True,False,False,False,False,True
175,60.67,3.3,32.98,0.6,0.0,49.83,2.45,45.0,2.0,5.0,700.0,1.0,1240.0,0.492,False,False,True,False,False,False,False,True
176,62.55,5.28,29.41,0.45,0.0,58.6,2.31,35.28,2.0,5.0,600.0,1.0,1180.0,0.494,False,False,True,False,False,False,False,True
177,60.82,5.1,24.68,0.15,9.25,64.62,4.62,28.06,0.25,5.0,800.0,1.0,1230.0,0.51,False,False,True,False,False,False,False,True
178,56.2,6.0,34.2,3.60,0.0,64.62,4.62,28.06,1.0,10.0,700.0,2.0,1236.0,0.53,False,False,True,False,False,False,False,True
179,60.82,5.1,24.68,0.15,9.25,64.62,4.62,28.06,0.5,5.0,800.0,1.0,1263.0,0.54,False,False,True,False,False,False,False,True
180,59.8,5.3,34.8,0.1,0.0,74.46,3.71,21.65,1.0,10.0,700.0,1.0,1289.86,0.5477,False,False,True,False,False,False,False,True
181,59.8,5.3,34.8,0.1,0.0,74.46,3.71,21.65,1.0,10.0,700.0,1.0,1289.86,0.55,False,False,True,False,False,False,False,True
182,62.55,5.28,29.41,0.45,0.0,58.6,2.31,35.28,1.0,5.0,800.0,1.0,1255.0,0.554,False,False,True,False,False,False,False,True
183,61.65,5.59,31.3,0.0,1.46,28.14,1.88,66.52,2.0,5.0,800.0,2.0,1336.5,0.5702,False,False,True,False,False,False,False,True
184,62.55,5.28,29.41,0.45,0.0,58.6,2.31,35.28,2.0,5.0,700.0,1.0,1528.0,0.598,False,False,True,False,False,False,False,True
185,60.67,3.3,32.98,0.6,0.0,49.83,2.45,45.0,1.0,5.0,700.0,1.0,1073.0,0.618,False,False,True,False,False,False,False,True
186,44.9,4.5,29.9,0.0,12.0,64.62,4.62,28.06,0.33,5.0,900.0,3.0,864.6,0.63,False,False,True,False,False,False,False,True
187,59.8,5.3,34.8,0.1,0.0,74.46,3.71,21.65,1.0,10.0,800.0,1.0,1554.55,0.65,False,False,True,False,False,False,False,True
188,59.8,5.3,34.8,0.1,0.0,74.46,3.71,21.65,1.0,10.0,800.0,1.0,1554.548,0.6522,False,False,True,False,False,False,False,True
189,61.95,5.04,31.95,1.06,0.0,61.99,2.26,35.81,3.0,10.0,850.0,2.0,1390.2,0.7,False,False,True,False,False,False,False,True
190,61.95,5.04,31.95,1.06,0.0,61.99,2.26,35.81,3.0,10.0,850.0,2.0,1390.2,0.7,False,False,True,False,False,False,False,True
191,61.95,5.04,31.95,1.06,0.0,61.99,2.26,35.81,1.0,10.0,750.0,2.0,1440.6,0.72,False,False,True,False,False,False,False,True
192,61.95,5.04,31.95,1.06,0.0,61.99,2.26,35.81,1.0,10.0,750.0,2.0,1440.6,0.72,False,False,True,False,False,False,False,True
193,61.95,5.04,31.95,1.06,0.0,61.99,2.26,35.81,3.0,10.0,650.0,2.0,1575.5,0.73,False,False,True,False,False,False,False,True
194,61.95,5.04,31.95,1.06,0.0,61.99,2.26,35.81,3.0,10.0,650.0,2.0,1575.5,0.73,False,False,True,False,False,False,False,True
195,61.05,7.08,30.92,0.95,0.0,63.68,3.9,29.28,1.0,20.0,750.0,4.0,1461.0,0.75,False,False,True,False,False,False,False,True
196,59.8,5.3,34.8,0.1,0.0,74.46,3.71,21.65,1.0,10.0,900.0,1.0,1404.5585,0.7568,False,False,True,False,False,False,False,True
197,59.8,5.3,34.8,0.1,0.0,74.46,3.71,21.65,1.0,10.0,900.0,1.0,1404.56,0.76,False,False,True,False,False,False,False,True
198,63.7,4.8,26.3,0.4,0.0,51.19,0.04,46.49,1.0,8.29,800.0,2.0,1655.0,0.77,False,False,True,False,False,False,False,True
199,60.67,3.3,32.98,0.6,0.0,49.83,2.45,45.0,1.0,5.0,800.0,1.0,1109.0,0.785,False,False,True,False,False,False,False,True
200,63.21,5.6,27.78,0.19,3.22,64.62,4.62,28.06,1.0,10.0,800.0,2.0,1560.0,0.8,False,False,True,False,False,False,False,True
201,64.91,7.34,19.82,0.26,7.67,48.66,4.03,34.57,1.0,8.29,700.0,1.0,1191.0,0.82,False,False,True,False,False,False,False,True
202,61.95,5.04,31.95,1.06,0.0,61.99,2.26,35.81,5.0,10.0,750.0,2.0,1581.8,0.82,False,False,True,False,False,False,False,True
203,61.95,5.04,31.95,1.06,0.0,61.99,2.26,35.81,5.0,10.0,750.0,2.0,1581.8,0.82,False,False,True,False,False,False,False,True
204,56.2,6.0,34.2,3.60,0.0,64.62,4.62,28.06,1.0,10.0,800.0,2.0,1562.0,0.84,False,False,True,False,False,False,False,True
205,60.82,5.1,24.68,0.15,9.25,64.62,4.62,28.06,1.0,5.0,800.0,1.0,1886.0,0.86,False,False,True,False,False,False,False,True
206,62.55,5.28,29.41,0.45,0.0,58.6,2.31,35.28,2.0,5.0,800.0,1.0,2121.0,0.903,False,False,True,False,False,False,False,True
207,61.95,5.04,31.95,1.06,0.0,61.99,2.26,35.81,2.0,10.0,750.0,2.0,1939.9,0.92,False,False,True,False,False,False,False,True
208,61.95,5.04,31.95,1.06,0.0,61.99,2.26,35.81,3.0,10.0,750.0,2.0,1912.2,0.92,False,False,True,False,False,False,False,True
209,61.95,5.04,31.95,1.06,0.0,61.99,2.26,35.81,2.0,10.0,750.0,2.0,1939.9,0.92,False,False,True,False,False,False,False,True
210,61.95,5.04,31.95,1.06,0.0,61.99,2.26,35.81,3.0,10.0,750.0,1.0,1912.2,0.92,False,False,True,False,False,False,False,True
211,44.9,4.5,29.9,0.0,12.0,64.62,4.62,28.06,0.5,5.0,900.0,3.0,1592.2,0.93,False,False,True,False,False,False,False,True
212,63.7,4.8,26.3,0.4,0.0,51.19,0.04,46.49,2.18,8.29,800.0,2.0,2153.0,0.94,False,False,True,False,False,False,False,True
213,44.9,4.5,29.9,0.0,12.0,64.62,4.62,28.06,1.0,5.0,850.0,1.0,1759.0,0.9873,False,False,True,False,False,False,False,True
214,61.95,5.04,31.95,1.06,0.0,61.99,2.26,35.81,3.0,10.0,750.0,2.0,2043.4,0.99,False,False,True,False,False,False,False,True
215,61.95,5.04,31.95,1.06,0.0,61.99,2.26,35.81,3.0,10.0,750.0,3.0,2043.4,0.99,False,False,True,False,False,False,False,True
216,44.9,4.5,29.9,0.0,12.0,64.62,4.62,28.06,2.0,5.0,850.0,1.0,2001.0,1.307,False,False,True,False,False,False,False,True
217,61.95,5.04,31.95,1.06,0.0,61.99,2.26,35.81,3.0,10.0,750.0,2.0,2713.5,1.31,False,False,True,False,False,False,False,True
218,61.95,5.04,31.95,1.06,0.0,61.99,2.26,35.81,3.0,10.0,750.0,2.0,2713.5,1.31,False,False,True,False,False,False,False,True
219,61.95,5.04,31.95,1.06,0.0,61.99,2.26,35.81,4.0,10.0,750.0,2.0,2762.5,1.32,False,False,True,False,False,False,False,True
220,61.95,5.04,31.95,1.06,0.0,61.99,2.26,35.81,4.0,10.0,750.0,2.0,2762.5,1.32,False,False,True,False,False,False,False,True
221,44.9,4.5,29.9,0.0,12.0,64.62,4.62,28.06,4.0,5.0,850.0,1.0,1876.0,1.421,False,False,True,False,False,False,False,True
222,44.9,4.5,29.9,0.0,12.0,64.62,4.62,28.06,3.0,5.0,850.0,1.0,2235.0,1.512,False,False,True,False,False,False,False,True
223,56.2,6.0,34.2,3.60,0.0,64.62,4.62,28.06,1.0,10.0,900.0,2.0,2026.0,1.59,False,False,True,False,False,False,False,True
224,47.5,4.9,33.3,0.0,0.1,48.44,15.62,26.11,1.0,8.29,800.0,2.0,1825.0,1.72,False,False,True,False,False,False,False,True
225,51.57,5.13,39.57,0.24,3.49,64.62,4.62,28.06,1.0,10.0,800.0,2.0,2770.0,1.89,False,False,True,False,False,False,False,True
226,59.8,5.3,34.8,0.1,0.0,74.46,3.71,21.65,1.0,10.0,500.0,1.0,1.5054,0.0063,False,False,False,True,False,False,False,True
227,59.8,5.3,34.8,0.1,0.0,74.46,3.71,21.65,1.0,10.0,500.0,1.0,1.51,0.01,False,False,False,True,False,False,False,True
228,59.8,5.3,34.8,0.1,0.0,74.46,3.71,21.65,1.0,10.0,600.0,1.0,1.61,0.01,False,False,False,True,False,False,False,True
229,59.8,5.3,34.8,0.1,0.0,74.46,3.71,21.65,1.0,10.0,600.0,1.0,1.6105,0.0119,False,False,False,True,False,False,False,True
230,59.8,5.3,34.8,0.1,0.0,74.46,3.71,21.65,1.0,10.0,700.0,1.0,222.183,0.076,False,False,False,True,False,False,False,True
231,59.8,5.3,34.8,0.1,0.0,74.46,3.71,21.65,1.0,10.0,700.0,1.0,222.18,0.08,False,False,False,True,False,False,False,True
232,59.8,5.3,34.8,0.1,0.0,74.46,3.71,21.65,1.0,10.0,800.0,1.0,804.6,0.3698,False,False,False,True,False,False,False,True
233,59.8,5.3,34.8,0.1,0.0,74.46,3.71,21.65,1.0,10.0,800.0,1.0,804.6,0.37,False,False,False,True,False,False,False,True
234,59.8,5.3,34.8,0.1,0.0,74.46,3.71,21.65,1.0,10.0,900.0,1.0,822.036,0.4273,False,False,False,True,False,False,False,True
235,59.8,5.3,34.8,0.1,0.0,74.46,3.71,21.65,1.0,10.0,900.0,1.0,822.04,0.43,False,False,False,True,False,False,False,True
236,49.56,5.16,44.08,1.2,0.0,79.18,6.6,14.23,0.75,10.0,700.0,1.0,396.0,0.202,False,False,False,False,True,False,True,False
237,42.3,4.3,52.51,0.82,0.07,73.02,5.21,21.77,2.0,5.0,700.0,1.0,1622.0,1.05,False,False,False,False,True,False,True,False
238,42.3,4.3,52.51,0.82,0.07,73.02,5.21,21.77,1.0,5.0,700.0,1.0,1989.0,1.09,False,False,False,False,True,False,True,False
239,42.3,4.3,52.51,0.82,0.07,73.02,5.21,21.77,1.5,5.0,800.0,1.0,2298.0,1.25,False,False,False,False,True,False,True,False
240,42.3,4.3,52.51,0.82,0.07,73.02,5.21,21.77,1.5,5.0,600.0,1.0,2223.0,1.29,False,False,False,False,True,False,True,False
241,42.3,4.3,52.51,0.82,0.07,73.02,5.21,21.77,1.5,5.0,700.0,1.0,2636.0,1.53,False,False,False,False,True,False,True,False
242,59.8,5.3,34.8,0.1,0.0,74.46,3.71,21.65,1.0,10.0,500.0,1.0,36.69,0.04,False,False,False,False,True,False,False,True
243,59.8,5.3,34.8,0.1,0.0,74.46,3.71,21.65,1.0,10.0,500.0,1.0,36.6921,0.04489,False,False,False,False,True,False,False,True
244,59.8,5.3,34.8,0.1,0.0,74.46,3.71,21.65,1.0,10.0,600.0,1.0,698.62,0.35,False,False,False,False,True,False,False,True
245,59.8,5.3,34.8,0.1,0.0,74.46,3.71,21.65,1.0,10.0,600.0,1.0,698.62,0.3533,False,False,False,False,True,False,False,True
246,63.7,4.8,26.3,0.4,0.0,51.19,0.04,46.49,0.84,8.29,800.0,2.0,883.0,0.38,False,False,False,False,True,False,False,True
247,59.8,5.3,34.8,0.1,0.0,74.46,3.71,21.65,1.0,10.0,700.0,1.0,998.6,0.49,False,False,False,False,True,False,False,True
248,59.8,5.3,34.8,0.1,0.0,74.46,3.71,21.65,1.0,10.0,700.0,1.0,998.599,0.4931,False,False,False,False,True,False,False,True
249,59.8,5.3,34.8,0.1,0.0,74.46,3.71,21.65,1.0,10.0,800.0,1.0,1377.879,0.7175,False,False,False,False,True,False,False,True
250,59.8,5.3,34.8,0.1,0.0,74.46,3.71,21.65,1.0,10.0,800.0,1.0,1377.88,0.72,False,False,False,False,True,False,False,True
251,59.8,5.3,34.8,0.1,0.0,74.46,3.71,21.65,1.0,10.0,900.0,1.0,892.51,0.72,False,False,False,False,True,False,False,True
252,59.8,5.3,34.8,0.1,0.0,74.46,3.71,21.65,1.0,10.0,900.0,1.0,892.5145,0.723,False,False,False,False,True,False,False,True
253,37.2,6.4,41.01,13.6,1.79,74.46,4.7,21.65,1.0,5.0,450.0,2.0,20.0,0.087,False,False,False,False,False,True,True,False
254,37.2,6.4,41.01,13.6,1.79,74.46,4.7,21.65,1.5,5.0,450.0,2.0,5.0,0.159,False,False,False,False,False,True,True,False
255,37.2,6.4,41.01,13.6,1.79,74.46,4.7,21.65,1.5,5.0,600.0,2.0,556.0,0.342,False,False,False,False,False,True,True,False
256,37.2,6.4,41.01,13.6,1.79,74.46,4.7,21.65,0.5,5.0,600.0,2.0,821.0,0.382,False,False,False,False,False,True,True,False
257,37.2,6.4,41.01,13.6,1.79,74.46,4.7,21.65,1.0,5.0,600.0,2.0,730.0,0.406,False,False,False,False,False,True,True,False
258,50.19,6.14,41.23,2.04,0.31,64.72,16.81,18.47,1.0,8.37,700.0,0.5,811.0,0.41,False,False,False,False,False,True,True,False
259,50.19,6.14,41.23,2.04,0.31,70.18,3.52,26.3,0.75,8.37,700.0,0.5,864.0,0.42,False,False,False,False,False,True,True,False
260,46.2,5.5,40.41,6.6,1.29,74.46,3.3,21.65,0.5,5.0,450.0,2.0,878.0,0.426,False,False,False,False,False,True,True,False
261,50.19,6.14,41.23,2.04,0.31,60.42,6.86,32.72,3.0,10.0,800.0,2.0,783.0,0.481,False,False,False,False,False,True,True,False
262,48.07,7.11,42.84,0.76,1.22,81.22,0.55,18.23,0.5,5.0,450.0,1.0,908.52,0.4876,False,False,False,False,False,True,True,False
263,50.19,6.14,41.23,2.04,0.31,56.6,5.65,37.75,3.0,10.0,800.0,2.0,802.0,0.517,False,False,False,False,False,True,True,False
264,48.07,7.11,42.84,0.76,1.22,81.22,0.55,18.23,1.0,5.0,350.0,1.0,923.7288,0.5212,False,False,False,False,False,True,True,False
265,46.2,5.5,40.41,6.6,1.29,74.46,3.3,21.65,1.0,5.0,450.0,2.0,1093.0,0.545,False,False,False,False,False,True,True,False
266,46.2,5.5,40.41,6.6,1.29,74.46,3.3,21.65,1.0,5.0,600.0,2.0,1097.0,0.613,False,False,False,False,False,True,True,False
267,46.2,5.5,40.41,6.6,1.29,74.46,3.3,21.65,1.5,5.0,600.0,2.0,1224.0,0.613,False,False,False,False,False,True,True,False
268,37.2,6.4,41.01,13.6,1.79,74.46,4.7,21.65,0.5,5.0,450.0,2.0,980.86,0.613,False,False,False,False,False,True,True,False
269,50.19,6.14,41.23,2.04,0.31,60.42,6.86,32.72,3.0,10.0,400.0,2.0,498.0,0.613,False,False,False,False,False,True,True,False
270,50.19,6.14,41.23,2.04,0.31,60.42,6.86,32.72,3.0,10.0,500.0,2.0,552.0,0.613,False,False,False,False,False,True,True,False
271,50.19,6.14,41.23,2.04,0.31,60.42,6.86,32.72,3.0,10.0,600.0,2.0,612.0,0.613,False,False,False,False,False,True,True,False
272,50.19,6.14,41.23,2.04,0.31,60.42,6.86,32.72,3.0,10.0,700.0,2.0,712.0,0.613,False,False,False,False,False,True,True,False
273,50.19,6.14,41.23,2.04,0.31,56.6,5.65,37.75,3.0,10.0,400.0,2.0,511.0,0.613,False,False,False,False,False,True,True,False
274,50.19,6.14,41.23,2.04,0.31,56.6,5.65,37.75,3.0,10.0,500.0,2.0,550.0,0.613,False,False,False,False,False,True,True,False
275,50.19,6.14,41.23,2.04,0.31,56.6,5.65,37.75,3.0,10.0,600.0,2.0,622.0,0.613,False,False,False,False,False,True,True,False
276,50.19,6.14,41.23,2.04,0.31,56.6,5.65,37.75,3.0,10.0,700.0,2.0,720.0,0.613,False,False,False,False,False,True,True,False
277,49.56,5.16,44.08,1.2,0.0,79.18,6.6,14.23,0.75,10.0,700.0,1.0,1115.0,0.64,False,False,False,False,False,True,True,False
278,48.07,7.11,42.84,0.76,1.22,81.22,0.55,18.23,1.0,5.0,400.0,1.0,1144.067,0.64386,False,False,False,False,False,True,True,False
279,46.2,5.5,40.41,6.6,1.29,74.46,3.3,21.65,1.5,5.0,450.0,2.0,1007.0,0.647,False,False,False,False,False,True,True,False
280,42.67,6.08,49.29,1.95,0.01,82.57,4.08,13.35,1.0,5.0,700.0,1.5,1389.0,0.65,False,False,False,False,False,True,True,False
281,48.07,7.11,42.84,0.76,1.22,81.22,0.55,18.23,1.0,5.0,600.0,1.0,1233.0508,0.658,False,False,False,False,False,True,True,False
282,48.07,7.11,42.84,0.76,1.22,81.22,0.55,18.23,0.75,5.0,450.0,1.0,1178.94,0.6623,False,False,False,False,False,True,True,False
283,42.67,6.08,49.29,1.95,0.01,82.57,4.08,13.35,3.0,5.0,500.0,1.5,1191.0,0.666,False,False,False,False,False,True,True,False
284,46.2,5.5,40.41,6.6,1.29,74.46,3.3,21.65,2.0,5.0,450.0,2.0,674.0,0.683,False,False,False,False,False,True,True,False
285,48.07,7.11,42.84,0.76,1.22,81.22,0.55,18.23,1.0,5.0,550.0,1.0,1317.796,0.7051,False,False,False,False,False,True,True,False
286,48.07,7.11,42.84,0.76,1.22,81.22,0.55,18.23,1.0,5.0,500.0,1.0,1372.88,0.7476,False,False,False,False,False,True,True,False
287,48.07,7.11,42.84,0.76,1.22,81.22,0.55,18.23,1.0,5.0,450.0,1.0,1449.1525,0.79245,False,False,False,False,False,True,True,False
288,42.67,6.08,49.29,1.95,0.01,82.57,4.08,13.35,3.0,5.0,600.0,1.5,1442.0,0.816,False,False,False,False,False,True,True,False
289,42.67,6.08,49.29,1.95,0.01,82.57,4.08,13.35,2.0,5.0,700.0,1.5,1747.0,0.931,False,False,False,False,False,True,True,False
290,42.67,6.08,49.29,1.95,0.01,82.57,4.08,13.35,3.0,5.0,700.0,1.5,1826.0,0.966,False,False,False,False,False,True,True,False
291,43.4,5.8,50.2,0.6,0.0,74.46,0.2,21.65,1.0,8.37,600.0,2.0,1069.0,1.0,False,False,False,False,False,True,True,False
292,48.07,7.11,42.84,0.76,1.22,81.22,0.55,18.23,1.5,5.0,450.0,1.0,1749.4,1.0093,False,False,False,False,False,True,True,False
293,48.07,7.11,42.84,0.76,1.22,81.22,0.55,18.23,2.0,5.0,450.0,1.0,1803.3,1.1968,False,False,False,False,False,True,True,False
294,46.2,5.5,40.41,6.6,1.29,74.46,3.3,21.65,2.0,5.0,600.0,2.0,1274.0,1.385,False,False,False,False,False,True,True,False
295,64.4,5.0,29.4,0.0,1.2,59.74,0.1,40.16,0.4,10.0,400.0,1.0,1237.61,0.125,False,False,False,False,False,True,False,True
296,56.2,6.0,34.2,3.60,0.0,64.62,4.62,28.06,1.0,8.29,600.0,1.42,971.0,0.24,False,False,False,False,False,True,False,True
297,59.8,5.3,34.8,0.1,0.0,74.46,3.71,21.65,1.0,10.0,900.0,1.0,701.7543,0.2892,False,False,False,False,False,True,False,True
298,59.8,5.3,34.8,0.1,0.0,74.46,3.71,21.65,1.0,10.0,900.0,1.0,701.75,0.29,False,False,False,False,False,True,False,True
299,59.8,5.3,34.8,0.1,0.0,74.46,3.71,21.65,1.0,10.0,800.0,1.0,719.3,0.3,False,False,False,False,False,True,False,True
300,59.8,5.3,34.8,0.1,0.0,74.46,3.71,21.65,1.0,10.0,800.0,1.0,719.2982,0.3,False,False,False,False,False,True,False,True
301,59.8,5.3,34.8,0.1,0.0,74.46,3.71,21.65,1.0,10.0,700.0,1.0,815.79,0.34,False,False,False,False,False,True,False,True
302,59.8,5.3,34.8,0.1,0.0,74.46,3.71,21.65,1.0,10.0,700.0,1.0,815.7894,0.3428,False,False,False,False,False,True,False,True
303,64.4,5.0,29.4,0.0,1.2,59.74,0.1,40.16,1.0,10.0,350.0,1.0,534.0,0.361,False,False,False,False,False,True,False,True
304,61.65,5.59,31.3,0.0,1.46,28.14,1.88,66.52,2.0,5.0,800.0,2.0,896.36,0.3636,False,False,False,False,False,True,False,True
305,64.4,5.0,29.4,0.0,1.2,59.74,0.1,40.16,0.4,10.0,500.0,1.0,1237.61,0.368,False,False,False,False,False,True,False,True
306,59.8,5.3,34.8,0.1,0.0,74.46,3.71,21.65,1.0,10.0,500.0,1.0,1035.087,0.4392,False,False,False,False,False,True,False,True
307,59.8,5.3,34.8,0.1,0.0,74.46,3.71,21.65,1.0,10.0,500.0,1.0,1035.09,0.44,False,False,False,False,False,True,False,True
308,64.91,7.34,19.82,0.26,7.67,48.66,4.03,34.57,1.0,8.29,700.0,1.0,866.0,0.47,False,False,False,False,False,True,False,True
309,64.4,5.0,29.4,0.0,1.2,59.74,0.1,40.16,0.7,10.0,400.0,1.0,1237.61,0.494,False,False,False,False,False,True,False,True
310,64.4,5.0,29.4,0.0,1.2,59.74,0.1,40.16,0.7,10.0,450.0,1.0,1237.61,0.534,False,False,False,False,False,True,False,True
311,59.8,5.3,34.8,0.1,0.0,74.46,3.71,21.65,1.0,10.0,600.0,1.0,1307.017,0.5785,False,False,False,False,False,True,False,True
312,59.8,5.3,34.8,0.1,0.0,74.46,3.71,21.65,1.0,10.0,600.0,1.0,1307.02,0.58,False,False,False,False,False,True,False,True
313,64.4,5.0,29.4,0.0,1.2,59.74,0.1,40.16,0.7,10.0,500.0,1.0,1237.61,0.59,False,False,False,False,False,True,False,True
314,64.4,5.0,29.4,0.0,1.2,59.74,0.1,40.16,1.0,10.0,600.0,1.0,1153.0,0.70,False,False,False,False,False,True,False,True
315,64.4,5.0,29.4,0.0,1.2,59.74,0.1,40.16,1.0,10.0,400.0,1.0,1297.0,0.72,False,False,False,False,False,True,False,True
316,64.4,5.0,29.4,0.0,1.2,59.74,0.1,40.16,1.5,10.0,400.0,1.0,1237.61,0.894,False,False,False,False,False,True,False,True
317,64.4,5.0,29.4,0.0,1.2,59.74,0.1,40.16,1.0,10.0,500.0,1.0,1347.0,0.933,False,False,False,False,False,True,False,True
318,64.4,5.0,29.4,0.0,1.2,59.74,0.1,40.16,1.0,10.0,450.0,1.0,1320.0,0.961,False,False,False,False,False,True,False,True
319,61.6,6.0,31.1,1.1,0.2,64.62,4.62,28.06,3.0,10.0,500.0,2.0,1142.0,0.99,False,False,False,False,False,True,False,True
320,64.4,5.0,29.4,0.0,1.2,59.74,0.1,40.16,1.5,10.0,450.0,1.0,1237.61,1.02,False,False,False,False,False,True,False,True
321,64.4,5.0,29.4,0.0,1.2,59.74,0.1,40.16,2.3,10.0,400.0,1.0,1237.61,1.045,False,False,False,False,False,True,False,True
322,64.4,5.0,29.4,0.0,1.2,59.74,0.1,40.16,1.5,10.0,500.0,1.0,1237.61,1.093,False,False,False,False,False,True,False,True
323,64.4,5.0,29.4,0.0,1.2,59.74,0.1,40.16,2.3,10.0,450.0,1.0,1237.61,1.462,False,False,False,False,False,True,False,True
324,64.4,5.0,29.4,0.0,1.2,59.74,0.1,40.16,2.3,10.0,500.0,1.0,1237.61,1.768,False,False,False,False,False,True,False,True
